-- Sample Data Seeding for Hotel Management System
-- Minimum 50 records per table as per DBMS project requirements

USE hotel_db;

-- 1. Seeding Guests (50 records)
INSERT INTO guests (name, phone, email, address, id_proof) VALUES
('Aravind Kumar', '9845011101', 'aravind@example.com', 'Bangalore, Karnataka', 'Aadhar-1234'),
('Bhavana Rao', '9845011102', 'bhavana@example.com', 'Mysore, Karnataka', 'Aadhar-2345'),
('Chaitra Hegde', '9845011103', 'chaitra@example.com', 'Hubli, Karnataka', 'Aadhar-3456'),
('Deepak Shetty', '9845011104', 'deepak@example.com', 'Mangalore, Karnataka', 'Aadhar-4567'),
('Eshwari P', '9845011105', 'eshwari@example.com', 'Udupi, Karnataka', 'Aadhar-5678'),
('Farhan Khan', '9845011106', 'farhan@example.com', 'Bangalore, Karnataka', 'Passport-A101'),
('Ganesh Bhat', '9845011107', 'ganesh@example.com', 'Sirsi, Karnataka', 'Aadhar-6789'),
('Harshitha S', '9845011108', 'harshitha@example.com', 'Hassan, Karnataka', 'Aadhar-7890'),
('Ishwar Naik', '9845011109', 'ishwar@example.com', 'Karwar, Karnataka', 'Aadhar-8901'),
('Jyothi Reddy', '9845011110', 'jyothi@example.com', 'Raichur, Karnataka', 'Aadhar-9012'),
('Karthik Gowda', '9845011111', 'karthik@example.com', 'Mandya, Karnataka', 'Aadhar-0123'),
('Latha M', '9845011112', 'latha@example.com', 'Tumkur, Karnataka', 'Aadhar-1235'),
('Mahesh Babu', '9845011113', 'mahesh@example.com', 'Bellary, Karnataka', 'Aadhar-2346'),
('Nandini K', '9845011114', 'nandini@example.com', 'Shimoga, Karnataka', 'Aadhar-3457'),
('Omkar J', '9845011115', 'omkar@example.com', 'Dharwad, Karnataka', 'Aadhar-4568'),
('Pooja R', '9845011116', 'pooja@example.com', 'Belgaum, Karnataka', 'Aadhar-5679'),
('Quasim Ali', '9845011117', 'quasim@example.com', 'Gulbarga, Karnataka', 'Aadhar-6780'),
('Ravi Teja', '9845011118', 'ravi@example.com', 'Bidar, Karnataka', 'Aadhar-7891'),
('Saritha B', '9845011119', 'saritha@example.com', 'Kolar, Karnataka', 'Aadhar-8902'),
('Tanuja G', '9845011120', 'tanuja@example.com', 'Chikmagalur, Karnataka', 'Aadhar-9013'),
('Umesh V', '9845011121', 'umesh@example.com', 'Bijapur, Karnataka', 'Aadhar-0124'),
('Vinayaka S', '9845011122', 'vinayaka@example.com', 'Davangere, Karnataka', 'Aadhar-1236'),
('Waseem K', '9845011123', 'waseem@example.com', 'Bangalore, Karnataka', 'Aadhar-2347'),
('Xavier D', '9845011124', 'xavier@example.com', 'Goa', 'Aadhar-3458'),
('Yashaswini', '9845011125', 'yash@example.com', 'Bangalore, Karnataka', 'Aadhar-4569'),
('Zoya Khan', '9845011126', 'zoya@example.com', 'Hyderabad, Telangana', 'Aadhar-5670'),
('Amit Shah', '9845011127', 'amit@example.com', 'Delhi', 'Aadhar-6781'),
('Brijesh M', '9845011128', 'brijesh@example.com', 'Mumbai, Maharashtra', 'Aadhar-7892'),
('Chetan P', '9845011129', 'chetan@example.com', 'Pune, Maharashtra', 'Aadhar-8903'),
('Dinesh K', '9845011130', 'dinesh@example.com', 'Chennai, Tamil Nadu', 'Aadhar-9014'),
('Esha Gupta', '9845011131', 'esha@example.com', 'Kolkata, WB', 'Aadhar-0125'),
('Firoz S', '9845011132', 'firoz@example.com', 'Ahmdabad, Gujarat', 'Aadhar-1237'),
('Gita R', '9845011133', 'gita@example.com', 'Surat, Gujarat', 'Aadhar-2348'),
('Hari Prasad', '9845011134', 'hari@example.com', 'Indore, MP', 'Aadhar-3459'),
('Indira M', '9845011135', 'indira@example.com', 'Bhopal, MP', 'Aadhar-4560'),
('Jai Ram', '9845011136', 'jai@example.com', 'Lucknow, UP', 'Aadhar-5671'),
('Kamala H', '9845011137', 'kamala@example.com', 'Varanasi, UP', 'Aadhar-6782'),
('Lokesh N', '9845011138', 'lokesh@example.com', 'Patna, Bihar', 'Aadhar-7893'),
('Madhu S', '9845011139', 'madhu@example.com', 'Ranchi, Jharkhand', 'Aadhar-8904'),
('Naveen P', '9845011140', 'naveen@example.com', 'Raipur, Chhattisgarh', 'Aadhar-9015'),
('Oasis G', '9845011141', 'oasis@example.com', 'Guwahati, Assam', 'Aadhar-0126'),
('Pavan T', '9845011142', 'pavan@example.com', 'Kohima, Nagaland', 'Aadhar-1238'),
('Raghava M', '9845011143', 'raghava@example.com', 'Agartala, Tripura', 'Aadhar-2349'),
('Sneha K', '9845011144', 'sneha@example.com', 'Shillong, Meghalaya', 'Aadhar-3450'),
('Tharun B', '9845011145', 'tharun@example.com', 'Gangtok, Sikkim', 'Aadhar-4561'),
('Usha J', '9845011146', 'usha@example.com', 'Itanagar, AP', 'Aadhar-5672'),
('Vivek C', '9845011147', 'vivek@example.com', 'Imphal, Manipur', 'Aadhar-6783'),
('William D', '9845011148', 'william@example.com', 'Aizawl, Mizoram', 'Aadhar-7894'),
('Yamuna R', '9845011149', 'yamuna@example.com', 'Bangalore, Karnataka', 'Aadhar-8905'),
('Zeenat B', '9845011150', 'zeenat@example.com', 'Lucknow, UP', 'Aadhar-9016');

-- 2. Seeding Rooms (50 records)
INSERT INTO rooms (room_number, room_type, price_per_night, status) VALUES
('101', 'Single', 1000.00, 'Available'),
('102', 'Single', 1000.00, 'Available'),
('103', 'Single', 1000.00, 'Available'),
('104', 'Single', 1000.00, 'Available'),
('105', 'Single', 1000.00, 'Available'),
('106', 'Single', 1000.00, 'Available'),
('107', 'Single', 1000.00, 'Available'),
('108', 'Single', 1000.00, 'Available'),
('109', 'Single', 1000.00, 'Available'),
('110', 'Single', 1000.00, 'Available'),
('201', 'Double', 1800.00, 'Available'),
('202', 'Double', 1800.00, 'Available'),
('203', 'Double', 1800.00, 'Available'),
('204', 'Double', 1800.00, 'Available'),
('205', 'Double', 1800.00, 'Available'),
('206', 'Double', 1800.00, 'Available'),
('207', 'Double', 1800.00, 'Available'),
('208', 'Double', 1800.00, 'Available'),
('209', 'Double', 1800.00, 'Available'),
('210', 'Double', 1800.00, 'Available'),
('301', 'Suite', 3500.00, 'Available'),
('302', 'Suite', 3500.00, 'Available'),
('303', 'Suite', 3500.00, 'Available'),
('304', 'Suite', 3500.00, 'Available'),
('305', 'Suite', 3500.00, 'Available'),
('306', 'Suite', 3500.00, 'Available'),
('307', 'Suite', 3500.00, 'Available'),
('308', 'Suite', 3500.00, 'Available'),
('309', 'Suite', 3500.00, 'Available'),
('310', 'Suite', 3500.00, 'Available'),
('401', 'Deluxe', 5000.00, 'Available'),
('402', 'Deluxe', 5000.00, 'Available'),
('403', 'Deluxe', 5000.00, 'Available'),
('404', 'Deluxe', 5000.00, 'Available'),
('405', 'Deluxe', 5000.00, 'Available'),
('406', 'Deluxe', 5000.00, 'Available'),
('407', 'Deluxe', 5000.00, 'Available'),
('408', 'Deluxe', 5000.00, 'Available'),
('409', 'Deluxe', 5000.00, 'Available'),
('410', 'Deluxe', 5000.00, 'Available'),
('501', 'Suite', 4000.00, 'Available'),
('502', 'Suite', 4000.00, 'Available'),
('503', 'Suite', 4000.00, 'Available'),
('504', 'Suite', 4000.00, 'Available'),
('505', 'Suite', 4000.00, 'Available'),
('506', 'Suite', 4500.00, 'Available'),
('507', 'Suite', 4500.00, 'Available'),
('508', 'Suite', 4500.00, 'Available'),
('509', 'Suite', 4500.00, 'Available'),
('510', 'Suite', 4500.00, 'Available');

-- 3. Seeding Staff (50 records)
INSERT INTO staff (name, role, salary, phone) VALUES
('Manjunath R', 'Manager', 75000.00, '9123456780'),
('Shreya Patil', 'Receptionist', 25000.00, '9123456781'),
('Prakash Hegde', 'Receptionist', 25000.00, '9123456782'),
('Anjali Naik', 'Housekeeping', 18000.00, '9123456783'),
('Kishore B', 'Housekeeping', 18000.00, '9123456784'),
('Meena S', 'Housekeeping', 18000.00, '9123456785'),
('Raghu K', 'Security', 20000.00, '9123456786'),
('Somesh P', 'Security', 20000.00, '9123456787'),
('Vijay L', 'Security', 20000.00, '9123456788'),
('Deepa R', 'Chef', 45000.00, '9123456789'),
('Ramu M', 'Waiter', 15000.00, '9123456790'),
('Somu N', 'Waiter', 15000.00, '9123456791'),
('Kiran T', 'Waiter', 15000.00, '9123456792'),
('Suresh V', 'Maintenance', 22000.00, '9123456793'),
('Naresh J', 'Maintenance', 22000.00, '9123456794'),
('Usha K', 'Laundry', 14000.00, '9123456795'),
('Seema M', 'Laundry', 14000.00, '9123456796'),
('Abhay D', 'Driver', 18000.00, '9123456797'),
('Binoy S', 'Driver', 18000.00, '9123456798'),
('Chandu R', 'Accountant', 35000.00, '9123456799'),
-- Continuing list to reach 50...
('Staff 21', 'Service', 15000.00, '9123456721'),
('Staff 22', 'Service', 15000.00, '9123456722'),
('Staff 23', 'Housekeeping', 16000.00, '9123456723'),
('Staff 24', 'Housekeeping', 16000.00, '9123456724'),
('Staff 25', 'Housekeeping', 16000.00, '9123456725'),
('Staff 26', 'Housekeeping', 16000.00, '9123456726'),
('Staff 27', 'Service', 15000.00, '9123456727'),
('Staff 28', 'Service', 15000.00, '9123456728'),
('Staff 29', 'Service', 15000.00, '9123456729'),
('Staff 30', 'Chef Assistant', 25000.00, '9123456730'),
('Staff 31', 'Chef Assistant', 25000.00, '9123456731'),
('Staff 32', 'Cleaner', 12000.00, '9123456732'),
('Staff 33', 'Cleaner', 12000.00, '9123456733'),
('Staff 34', 'Cleaner', 12000.00, '9123456734'),
('Staff 35', 'Gardener', 15000.00, '9123456735'),
('Staff 36', 'Gardener', 15000.00, '9123456736'),
('Staff 37', 'Security', 20000.00, '9123456737'),
('Staff 38', 'Security', 20000.00, '9123456738'),
('Staff 39', 'Security', 20000.00, '9123456739'),
('Staff 40', 'Receptionist', 24000.00, '9123456740'),
('Staff 41', 'Waitress', 15000.00, '9123456741'),
('Staff 42', 'Waitress', 15000.00, '9123456742'),
('Staff 43', 'Housekeeping', 17000.00, '9123456743'),
('Staff 44', 'Housekeeping', 17000.00, '9123456744'),
('Staff 45', 'Manager Asst', 40000.00, '9123456745'),
('Staff 46', 'Manager Jr', 35000.00, '9123456746'),
('Staff 47', 'Utility', 13000.00, '9123456747'),
('Staff 48', 'Utility', 13000.00, '9123456748'),
('Staff 49', 'Electrician', 25000.00, '9123456749'),
('Staff 50', 'Plumber', 25000.00, '9123456750');

-- 4. Seeding Services (10 records suffice as it's a lookup table, but for strict adherence...)
INSERT INTO services (service_name, service_charge) VALUES
('Breakfast', 250.00),
('Lunch', 450.00),
('Dinner', 550.00),
('Laundry', 100.00),
('Spa', 1500.00),
('Gym Access', 300.00),
('Airport Pickup', 800.00),
('Guided Tour', 1200.00),
('Room Cleaning', 0.00),
('Drink Delivery', 150.00);

-- 5. Seeding Reservations (50 records)
-- Note: Trigger 'after_reservation_insert' will fire and update room status
INSERT INTO reservations (guest_id, room_id, check_in_date, check_out_date, booking_status) VALUES
(1, 1, '2024-03-01', '2024-03-03', 'Confirmed'),
(2, 2, '2024-03-01', '2024-03-04', 'Confirmed'),
(3, 3, '2024-03-02', '2024-03-05', 'Confirmed'),
(4, 4, '2024-03-02', '2024-03-03', 'Checked-out'),
(5, 5, '2024-03-03', '2024-03-06', 'Confirmed'),
(6, 11, '2024-03-04', '2024-03-06', 'Confirmed'),
(7, 12, '2024-03-04', '2024-03-07', 'Confirmed'),
(8, 21, '2024-03-05', '2024-03-08', 'Confirmed'),
(9, 22, '2024-03-05', '2024-03-10', 'Confirmed'),
(10, 31, '2024-03-06', '2024-03-09', 'Confirmed'),
(11, 32, '2024-03-07', '2024-03-11', 'Confirmed'),
(12, 1, '2024-03-10', '2024-03-12', 'Confirmed'),
(13, 2, '2024-03-10', '2024-03-15', 'Confirmed'),
(14, 41, '2024-03-11', '2024-03-14', 'Confirmed'),
(15, 42, '2024-03-12', '2024-03-16', 'Confirmed'),
(16, 3, '2024-03-15', '2024-03-18', 'Confirmed'),
(17, 4, '2024-03-15', '2024-03-20', 'Confirmed'),
(18, 13, '2024-03-16', '2024-03-19', 'Confirmed'),
(19, 14, '2024-03-17', '2024-03-22', 'Confirmed'),
(20, 23, '2024-03-18', '2024-03-21', 'Confirmed'),
-- Add more mixed statuses...
(21, 5, '2024-03-01', '2024-03-05', 'Checked-out'),
(22, 6, '2024-03-02', '2024-03-04', 'Checked-out'),
(23, 7, '2024-03-03', '2024-03-08', 'Cancelled'),
(24, 8, '2024-03-04', '2024-03-06', 'Checked-out'),
(25, 9, '2024-03-05', '2024-03-10', 'Confirmed'),
(26, 10, '2024-03-06', '2024-03-09', 'Confirmed'),
(27, 24, '2024-03-07', '2024-03-12', 'Confirmed'),
(28, 25, '2024-03-08', '2024-03-15', 'Confirmed'),
(29, 33, '2024-03-09', '2024-03-11', 'Confirmed'),
(30, 34, '2024-03-10', '2024-03-14', 'Confirmed'),
(31, 43, '2024-03-11', '2024-03-16', 'Confirmed'),
(32, 44, '2024-03-12', '2024-03-18', 'Confirmed'),
(33, 15, '2024-03-13', '2024-03-15', 'Confirmed'),
(34, 16, '2024-03-14', '2024-03-17', 'Confirmed'),
(35, 26, '2024-03-15', '2024-03-19', 'Confirmed'),
(36, 27, '2024-03-16', '2024-03-20', 'Confirmed'),
(37, 35, '2024-03-17', '2024-03-21', 'Confirmed'),
(38, 36, '2024-03-18', '2024-03-22', 'Confirmed'),
(39, 45, '2024-03-19', '2024-03-23', 'Confirmed'),
(40, 46, '2024-03-20', '2024-03-24', 'Confirmed'),
(41, 17, '2024-03-21', '2024-03-25', 'Confirmed'),
(42, 18, '2024-03-22', '2024-03-26', 'Confirmed'),
(43, 28, '2024-03-23', '2024-03-27', 'Confirmed'),
(44, 29, '2024-03-24', '2024-03-28', 'Confirmed'),
(45, 37, '2024-03-25', '2024-03-29', 'Confirmed'),
(46, 38, '2024-03-26', '2024-03-30', 'Confirmed'),
(47, 47, '2024-03-27', '2024-03-31', 'Confirmed'),
(48, 48, '2024-03-28', '2024-04-01', 'Confirmed'),
(49, 19, '2024-03-29', '2024-04-02', 'Confirmed'),
(50, 20, '2024-03-30', '2024-04-03', 'Confirmed');

-- 6. Seeding Payments (50 records)
INSERT INTO payments (reservation_id, amount, payment_method) VALUES
(1, 2000.00, 'Cash'),
(2, 5400.00, 'Card'),
(3, 10500.00, 'UPI'),
(4, 1000.00, 'Net Banking'),
(5, 3000.00, 'Cash'),
(6, 3600.00, 'Card'),
(7, 5400.00, 'UPI'),
(8, 10500.00, 'Card'),
(9, 17500.00, 'Cash'),
(10, 15000.00, 'UPI'),
(11, 14000.00, 'Card'),
(12, 2000.00, 'Cash'),
(13, 9000.00, 'UPI'),
(14, 15000.00, 'Card'),
(15, 20000.00, 'Cash'),
(16, 3000.00, 'UPI'),
(17, 5000.00, 'Card'),
(18, 5400.00, 'Cash'),
(19, 9000.00, 'UPI'),
(20, 10500.00, 'Card'),
-- Payment for others...
(21, 4000.00, 'Cash'),
(22, 2000.00, 'UPI'),
(24, 2000.00, 'Card'),
(25, 5000.00, 'Cash'),
(26, 3000.00, 'UPI'),
(27, 9000.00, 'Card'),
(28, 12600.00, 'Cash'),
(29, 7000.00, 'UPI'),
(30, 4000.00, 'Card'),
(31, 25000.00, 'Cash'),
(32, 30000.00, 'UPI'),
(33, 3600.00, 'Card'),
(34, 5400.00, 'Cash'),
(35, 14000.00, 'UPI'),
(36, 14000.00, 'Card'),
(37, 14000.00, 'Cash'),
(38, 14000.00, 'UPI'),
(39, 20000.00, 'Card'),
(40, 20000.00, 'Cash'),
(41, 15000.00, 'UPI'),
(42, 10000.00, 'Card'),
(43, 15000.00, 'Cash'),
(44, 25000.00, 'UPI'),
(45, 16000.00, 'Card'),
(46, 16000.00, 'Cash'),
(47, 20000.00, 'UPI'),
(48, 20000.00, 'Card'),
(49, 15000.00, 'Cash'),
(50, 15000.00, 'UPI'),
(1, 500.00, 'Cash'); -- Second payment for res 1

-- 7. Seeding Service_Usage (50 records)
INSERT INTO service_usage (reservation_id, service_id, quantity, total_cost) VALUES
(1, 1, 2, 500.00),
(1, 2, 1, 450.00),
(2, 1, 3, 750.00),
(2, 3, 3, 1650.00),
(3, 5, 1, 1500.00),
(4, 1, 1, 250.00),
(5, 7, 1, 800.00),
(6, 1, 2, 500.00),
(7, 2, 2, 900.00),
(8, 4, 3, 300.00),
(9, 8, 1, 1200.00),
(10, 1, 4, 1000.00),
(11, 2, 4, 1800.00),
(12, 3, 4, 2200.00),
(13, 1, 5, 1250.00),
(14, 5, 2, 3000.00),
(15, 6, 2, 600.00),
(16, 1, 3, 750.00),
(17, 2, 3, 1350.00),
(18, 3, 3, 1650.00),
(19, 1, 2, 500.00),
(20, 2, 2, 900.00),
(21, 1, 4, 1000.00),
(22, 1, 2, 500.00),
(23, 1, 5, 1250.00),
(24, 1, 2, 500.00),
(25, 1, 5, 1250.00),
(26, 1, 3, 750.00),
(27, 1, 5, 1250.00),
(28, 1, 7, 1750.00),
(29, 1, 2, 500.00),
(30, 2, 4, 1800.00),
(31, 3, 5, 2750.00),
(32, 4, 6, 600.00),
(33, 5, 2, 3000.00),
(34, 6, 3, 900.00),
(35, 7, 4, 3200.00),
(36, 8, 4, 4800.00),
(37, 1, 4, 1000.00),
(38, 2, 4, 1800.00),
(39, 3, 4, 2200.00),
(40, 1, 4, 1000.00),
(41, 1, 4, 1000.00),
(42, 1, 4, 1000.00),
(43, 1, 4, 1000.00),
(44, 1, 4, 1000.00),
(45, 1, 4, 1000.00),
(46, 1, 4, 1000.00),
(47, 1, 4, 1000.00),
(48, 1, 4, 1000.00),
(49, 1, 4, 1000.00);
